date,price,benchmark_price,premium_pct,pnl_pct,rsi14,day_drawdown_pct,ma20_pct
2023-01-03,178.48,4047.51,0.0,-0.85,50.0,0.0,0.0
2023-01-04,180.84,4039.07,0.0,0.47,50.0,1.33,0.0
2023-01-05,180.2,4043.54,0.0,0.11,50.0,-0.35,0.0
2023-01-06,181.21,4035.28,0.0,0.67,50.0,0.56,0.0
2023-01-09,181.54,4075.49,0.0,0.86,50.0,0.18,0.0
2023-01-10,184.43,4116.33,0.0,2.46,50.0,1.59,0.0
2023-01-11,183.71,4089.68,0.0,2.06,50.0,-0.39,0.0
2023-01-12,183.62,4092.12,0.0,2.01,50.0,-0.05,0.0
2023-01-13,182.71,4075.57,0.0,1.5,50.0,-0.5,0.0
2023-01-16,185.39,4048.27,0.0,2.99,50.0,1.47,0.0
2023-01-17,189.0,4047.0,0.0,5.0,50.0,1.95,0.0
2023-01-18,189.69,4084.81,0.0,5.38,50.0,0.36,0.0
2023-01-19,190.56,4060.82,0.0,5.87,50.0,0.46,0.0
2023-01-20,189.38,4064.8,0.0,5.21,50.0,-0.62,0.0
2023-01-23,191.61,4132.64,0.0,6.45,82.48,1.18,0.0
2023-01-24,189.68,4147.14,0.0,5.38,74.81,-1.0,0.0
2023-01-25,176.46,3973.63,0.0,-1.97,44.31,-6.97,0.0
2023-01-26,175.89,4009.09,0.0,-2.29,43.49,-0.32,0.0
2023-01-27,175.21,4007.75,0.0,-2.66,42.49,-0.38,0.0
2023-01-30,174.52,3996.1,0.0,-3.05,41.42,-0.4,-4.74
2023-01-31,175.36,4038.93,0.0,-2.58,43.28,0.49,-4.2
2023-02-01,176.37,4026.7,0.0,-2.02,45.5,0.57,-3.53
2023-02-02,177.94,4055.82,0.0,-1.14,48.86,0.89,-2.61
2023-02-03,179.18,4072.29,0.0,-0.46,51.4,0.69,-1.88
2023-02-06,178.22,4087.23,0.0,-0.99,49.36,-0.53,-2.32
2023-02-07,179.33,4087.86,0.0,-0.37,51.75,0.62,-1.57
2023-02-08,180.4,4119.85,0.0,0.22,54.01,0.6,-0.89
2023-02-09,181.74,4098.49,0.0,0.97,56.75,0.74,-0.1
2023-02-10,182.34,4081.3,0.0,1.3,57.95,0.33,0.24
2023-02-13,181.33,4074.82,0.0,0.74,55.16,-0.55,-0.21
2023-02-14,184.13,4096.84,0.0,2.29,60.78,1.54,1.47
2023-02-15,183.36,4080.38,0.0,1.87,58.6,-0.42,1.22
2023-02-16,182.48,4110.46,0.0,1.38,56.13,-0.48,0.96
2023-02-17,182.8,4120.16,0.0,1.55,56.84,0.17,1.32
2023-02-20,185.65,4074.46,0.0,3.14,62.67,1.56,3.07
2023-02-21,184.08,4061.54,0.0,2.26,58.01,-0.85,2.36
2023-02-22,184.67,4042.02,0.0,2.59,59.24,0.32,2.45
2023-02-23,182.59,4049.7,0.0,1.44,53.36,-1.12,1.11
2023-02-24,182.04,4068.55,0.0,1.13,51.88,-0.3,0.62
2023-02-27,182.91,4085.4,0.0,1.62,54.04,0.48,0.86
2023-02-28,182.16,4121.31,0.0,1.2,51.88,-0.41,0.26
2023-03-01,182.82,4117.51,0.0,1.56,53.62,0.36,0.44
2023-03-02,183.32,4144.75,0.0,1.84,54.97,0.28,0.57
2023-03-03,183.42,4187.16,0.0,1.9,55.25,0.05,0.51
2023-03-06,181.0,4209.8,0.0,0.55,47.57,-1.32,-0.89
2023-03-07,178.11,4178.03,0.0,-1.05,40.37,-1.59,-2.44
2023-03-08,178.56,4187.84,0.0,-0.8,41.83,0.25,-2.15
2023-03-09,177.1,4138.18,0.0,-1.61,38.49,-0.82,-2.82
2023-03-10,178.17,4150.37,0.0,-1.02,42.13,0.6,-2.13
2023-03-13,181.18,4176.14,0.0,0.66,50.95,1.69,-0.46
2023-03-14,182.95,4185.08,0.0,1.64,55.25,0.97,0.54
2023-03-15,184.26,4200.04,0.0,2.37,58.19,0.72,1.24
2023-03-16,182.87,4158.33,0.0,1.59,54.13,-0.76,0.46
2023-03-17,183.22,4184.58,0.0,1.79,54.98,0.19,0.64
2023-03-20,185.45,4226.66,0.0,3.03,60.05,1.22,1.87
2023-03-21,184.26,4185.27,0.0,2.37,56.4,-0.64,1.21
2023-03-22,180.63,4200.65,0.0,0.35,47.01,-1.97,-0.67
2023-03-23,180.74,4234.06,0.0,0.41,47.29,0.06,-0.56
2023-03-24,180.77,4222.63,0.0,0.43,47.38,0.02,-0.51
2023-03-27,179.7,4199.01,0.0,-0.17,44.66,-0.59,-1.01
2023-03-28,177.99,4197.91,0.0,-1.12,40.65,-0.95,-1.84
2023-03-29,177.29,4229.86,0.0,-1.5,39.11,-0.39,-2.07
2023-03-30,176.35,4243.66,0.0,-2.03,37.05,-0.53,-2.41
2023-03-31,176.66,4248.59,0.0,-1.86,38.2,0.18,-2.05
2023-04-03,177.73,4232.8,0.0,-1.26,42.11,0.6,-1.37
2023-04-04,181.26,4240.57,0.0,0.7,52.75,1.98,0.5
2023-04-05,181.39,4245.67,0.0,0.77,53.1,0.07,0.49
2023-04-06,181.43,4269.25,0.0,0.8,53.23,0.03,0.4
2023-04-07,169.52,4101.06,0.0,-5.82,30.12,-6.57,-5.97
2023-04-10,168.56,4095.73,0.0,-6.35,29.03,-0.56,-6.17
2023-04-11,168.76,4074.18,0.0,-6.24,29.59,0.12,-5.69
2023-04-12,168.95,4105.8,0.0,-6.14,30.16,0.11,-5.18
2023-04-13,169.52,4052.82,0.0,-5.82,31.98,0.34,-4.5
2023-04-14,169.38,4037.73,0.0,-5.9,31.76,-0.08,-4.2
2023-04-17,170.19,4017.22,0.0,-5.45,34.53,0.48,-3.33
2023-04-18,170.96,4040.93,0.0,-5.02,37.14,0.45,-2.52
2023-04-19,170.47,4031.4,0.0,-5.3,36.14,-0.29,-2.52
2023-04-20,170.88,4040.48,0.0,-5.07,37.63,0.24,-2.01
2023-04-21,170.33,4041.23,0.0,-5.37,36.4,-0.32,-2.03
2023-04-24,170.38,4086.28,0.0,-5.35,36.59,0.03,-1.74
2023-04-25,170.77,4105.56,0.0,-5.13,38.25,0.23,-1.31
2023-04-26,170.43,4129.01,0.0,-5.32,37.34,-0.2,-1.31
2023-04-27,172.26,4133.1,0.0,-4.3,44.97,1.07,-0.14
2023-04-28,171.29,4182.17,0.0,-4.84,42.04,-0.56,-0.54
2023-05-01,173.82,4202.64,0.0,-3.43,50.99,1.48,1.04
2023-05-02,173.24,4210.46,0.0,-3.76,49.12,-0.33,0.94
2023-05-03,174.62,4168.87,0.0,-2.99,53.49,0.8,1.94
2023-05-04,175.05,4153.32,0.0,-2.75,54.81,0.25,2.39
2023-05-05,173.22,4173.06,0.0,-3.77,48.57,-1.05,1.21
2023-05-08,171.22,4188.73,0.0,-4.88,42.84,-1.15,-0.04
2023-05-09,173.07,4189.86,0.0,-3.85,48.86,1.08,0.92
2023-05-10,172.92,4216.29,0.0,-3.93,48.4,-0.09,0.71
2023-05-11,176.37,4237.48,0.0,-2.01,57.91,2.0,2.52
2023-05-12,176.65,4280.74,0.0,-1.86,58.57,0.16,2.46
2023-05-15,179.11,4249.85,0.0,-0.49,63.98,1.39,3.62
2023-05-16,180.97,4279.53,0.0,0.54,67.43,1.04,4.4
2023-05-17,181.88,4303.26,0.0,1.04,68.99,0.5,4.57
2023-05-18,182.25,4304.33,0.0,1.25,69.64,0.21,4.45
2023-05-19,182.93,4278.39,0.0,1.63,70.82,0.37,4.46
2023-05-22,182.82,4291.58,0.0,1.57,70.34,-0.06,4.02
2023-05-23,184.85,4316.93,0.0,2.7,73.88,1.11,4.76
2023-05-24,187.26,4320.86,0.0,4.03,77.32,1.3,5.62
2023-05-25,186.16,4291.62,0.0,3.42,72.63,-0.58,4.59
2023-05-26,187.26,4310.47,0.0,4.03,74.31,0.59,4.74
2023-05-29,188.2,4270.1,0.0,4.56,75.69,0.5,4.84
2023-05-30,187.62,4281.43,0.0,4.24,73.1,-0.31,4.11
2023-05-31,187.45,4297.52,0.0,4.14,72.32,-0.09,3.64
2023-06-01,186.19,4304.88,0.0,3.44,66.59,-0.67,2.63
2023-06-02,186.21,4292.64,0.0,3.45,66.63,0.01,2.27
2023-06-05,185.15,4333.74,0.0,2.86,61.88,-0.57,1.31
2023-06-06,187.09,4284.78,0.0,3.94,66.59,1.05,1.98
2023-06-07,188.22,4296.08,0.0,4.57,68.98,0.6,2.16
2023-06-08,188.44,4326.93,0.0,4.69,69.44,0.12,1.95
2023-06-09,177.31,4173.62,0.0,-1.5,38.38,-5.9,-4.09
2023-06-12,177.74,4182.9,0.0,-1.26,39.5,0.24,-3.82
2023-06-13,178.23,4167.91,0.0,-0.98,40.83,0.28,-3.48
2023-06-14,177.58,4144.58,0.0,-1.34,39.59,-0.36,-3.72
2023-06-15,176.25,4144.37,0.0,-2.08,37.11,-0.75,-4.29
2023-06-16,175.63,4133.58,0.0,-2.43,35.97,-0.36,-4.44
2023-06-19,177.26,4158.64,0.0,-1.52,41.07,0.93,-3.4
2023-06-20,177.96,4151.06,0.0,-1.13,43.16,0.4,-2.84
2023-06-21,178.76,4184.79,0.0,-0.69,45.56,0.45,-2.17
2023-06-22,176.63,4167.32,0.0,-1.87,40.67,-1.19,-3.09
2023-06-23,174.78,4165.12,0.0,-2.9,36.97,-1.05,-3.77
2023-06-26,173.82,4196.7,0.0,-3.43,35.18,-0.55,-3.92
2023-06-27,175.0,4193.43,0.0,-2.78,39.07,0.68,-2.93
2023-06-28,175.75,4190.96,0.0,-2.36,41.5,0.43,-2.2
2023-06-29,177.74,4208.25,0.0,-1.26,47.43,1.13,-0.86
2023-06-30,176.88,4225.82,0.0,-1.73,45.29,-0.48,-1.08
2023-07-03,177.69,4211.36,0.0,-1.28,47.7,0.46,-0.42
2023-07-04,179.11,4225.72,0.0,-0.5,51.68,0.8,0.6
2023-07-05,180.06,4227.29,0.0,0.03,54.2,0.53,1.37
2023-07-06,179.46,4228.39,0.0,-0.3,52.37,-0.33,1.29
2023-07-07,179.8,4270.88,0.0,-0.11,53.34,0.19,1.41
2023-07-10,180.12,4247.18,0.0,0.07,54.28,0.18,1.52
2023-07-11,179.57,4232.19,0.0,-0.24,52.31,-0.31,1.17
2023-07-12,178.38,4188.44,0.0,-0.9,48.24,-0.66,0.48
2023-07-13,179.32,4217.57,0.0,-0.38,51.44,0.52,0.92
2023-07-14,182.45,4303.43,0.0,1.36,60.32,1.75,2.49
2023-07-17,182.02,4327.26,0.0,1.12,58.72,-0.24,2.11
2023-07-18,181.71,4355.75,0.0,0.95,57.56,-0.17,1.83
2023-07-19,179.92,4379.4,0.0,-0.05,51.18,-0.99,0.79
2023-07-20,179.32,4376.62,0.0,-0.38,49.22,-0.33,0.38
2023-07-21,180.63,4371.75,0.0,0.35,53.41,0.73,0.94
2023-07-24,179.58,4385.58,0.0,-0.24,49.85,-0.58,0.2
2023-07-25,181.82,4386.28,0.0,1.01,56.53,1.25,1.26
2023-07-26,183.38,4390.03,0.0,1.88,60.47,0.86,1.91
2023-07-27,184.22,4449.2,0.0,2.34,62.44,0.46,2.19
2023-07-28,185.54,4414.82,0.0,3.08,65.36,0.71,2.67
2023-07-31,184.08,4407.67,0.0,2.27,59.83,-0.78,1.69
2023-08-01,184.64,4418.89,0.0,2.58,61.2,0.31,1.84
2023-08-02,185.89,4444.33,0.0,3.27,64.11,0.67,2.37
2023-08-03,186.51,4500.77,0.0,3.62,65.51,0.34,2.51
2023-08-04,184.15,4543.55,0.0,2.31,56.54,-1.27,1.09
2023-08-07,184.05,4497.56,0.0,2.25,56.18,-0.05,0.93
2023-08-08,185.41,4463.28,0.0,3.01,59.84,0.74,1.51
2023-08-09,187.42,4447.04,0.0,4.12,64.53,1.08,2.36
2023-08-10,187.52,4414.81,0.0,4.18,64.75,0.05,2.18
2023-08-11,190.27,4436.28,0.0,5.71,70.26,1.47,3.46
2023-08-14,191.26,4414.18,0.0,6.26,71.95,0.52,3.74
2023-08-15,192.36,4404.16,0.0,6.86,73.74,0.57,4.03
2023-08-16,192.52,4406.36,0.0,6.95,74.0,0.08,3.77
2023-08-17,191.89,4427.3,0.0,6.61,71.04,-0.32,3.08
2023-08-18,191.39,4428.08,0.0,6.33,68.66,-0.26,2.51
2023-08-21,191.82,4441.83,0.0,6.57,69.61,0.23,2.41
2023-08-22,190.87,4465.88,0.0,6.04,64.95,-0.5,1.65
2023-08-23,190.13,4470.1,0.0,5.63,61.53,-0.39,1.08
2023-08-24,189.83,4484.31,0.0,5.46,60.16,-0.16,0.77
2023-08-25,189.74,4485.2,0.0,5.41,59.71,-0.05,0.61
2023-08-28,191.62,4507.3,0.0,6.46,65.35,0.99,1.41
2023-08-29,192.53,4523.52,0.0,6.96,67.7,0.47,1.68
2023-08-30,190.65,4531.61,0.0,5.91,58.79,-0.98,0.55
2023-08-31,189.13,4504.99,0.0,5.07,52.79,-0.79,-0.31
2023-09-01,191.83,4531.58,0.0,6.57,60.53,1.43,0.9
2023-09-04,192.77,4530.71,0.0,7.09,62.81,0.49,1.17
2023-09-05,191.85,4548.01,0.0,6.58,59.2,-0.48,0.51
2023-09-06,191.91,4549.33,0.0,6.62,59.37,0.03,0.43
2023-09-07,194.38,4551.12,0.0,7.99,65.51,1.28,1.54
2023-09-08,193.91,4561.85,0.0,7.73,63.56,-0.24,1.2
2023-09-11,194.69,4549.05,0.0,8.16,65.42,0.4,1.51
2023-09-12,195.19,4497.04,0.0,8.44,66.59,0.26,1.7
2023-09-13,199.13,4525.48,0.0,10.63,74.08,2.02,3.57
2023-09-14,201.49,4490.98,0.0,11.94,77.36,1.19,4.54
2023-09-15,189.87,4335.62,0.0,5.48,46.32,-5.77,-1.45
2023-09-18,189.9,4342.14,0.0,5.5,46.39,0.02,-1.39
2023-09-19,189.25,4342.39,0.0,5.14,45.2,-0.34,-1.68
2023-09-20,189.49,4378.96,0.0,5.27,45.76,0.13,-1.54
2023-09-21,191.32,4417.37,0.0,6.29,49.85,0.96,-0.63
2023-09-22,189.7,4401.35,0.0,5.39,46.51,-0.84,-1.47
2023-09-25,190.64,4426.31,0.0,5.91,48.66,0.49,-0.96
2023-09-26,190.61,4424.77,0.0,5.9,48.6,-0.01,-0.92
2023-09-27,192.47,4431.02,0.0,6.93,52.94,0.97,-0.01
2023-09-28,194.16,4402.42,0.0,7.87,56.56,0.88,0.75
2023-09-29,197.61,4413.95,0.0,9.79,62.82,1.78,2.38
2023-10-02,198.15,4446.18,0.0,10.08,63.7,0.27,2.52
2023-10-03,199.63,4465.49,0.0,10.9,66.06,0.74,3.07
2023-10-04,198.98,4466.7,0.0,10.55,64.09,-0.32,2.55
2023-10-05,195.83,4488.56,0.0,8.79,55.41,-1.58,0.89
2023-10-06,196.21,4528.67,0.0,9.01,56.19,0.2,1.03
2023-10-09,195.85,4544.08,0.0,8.8,55.2,-0.19,0.81
2023-10-10,194.89,4581.66,0.0,8.27,52.58,-0.49,0.32
2023-10-11,197.06,4581.9,0.0,9.48,57.49,1.11,1.5
2023-10-12,195.14,4544.05,0.0,8.41,52.33,-0.98,0.67
2023-10-13,195.64,4542.42,0.0,8.69,53.5,0.26,0.78
2023-10-16,195.82,4563.71,0.0,8.79,53.95,0.09,0.72
2023-10-17,195.81,4558.19,0.0,8.78,53.89,-0.01,0.54
2023-10-18,198.25,4553.28,0.0,10.14,59.84,1.25,1.57
2023-10-19,198.77,4579.59,0.0,10.43,61.0,0.26,1.64
2023-10-20,202.56,4572.7,0.0,12.53,68.17,1.9,3.24
2023-10-23,201.86,4572.41,0.0,12.14,65.76,-0.35,2.59
2023-10-24,199.42,4563.86,0.0,10.79,58.08,-1.21,1.12
2023-10-25,198.88,4611.34,0.0,10.49,56.49,-0.27,0.68
2023-10-26,202.7,4689.48,0.0,12.61,63.95,1.92,2.4
2023-10-27,205.37,4749.73,0.0,14.1,68.07,1.32,3.55
2023-10-30,204.88,4790.23,0.0,13.82,66.56,-0.24,3.12
2023-10-31,206.3,4813.55,0.0,14.61,68.72,0.69,3.66
2023-11-01,206.27,4766.83,0.0,14.6,68.61,-0.02,3.46
2023-11-02,205.19,4788.13,0.0,13.99,64.91,-0.53,2.67
2023-11-03,208.74,4767.05,0.0,15.97,70.51,1.73,4.12
2023-11-06,208.68,4824.62,0.0,15.93,70.32,-0.03,3.76
2023-11-07,210.18,4877.85,0.0,16.77,72.47,0.72,4.12
2023-11-08,210.33,4923.28,0.0,16.85,72.68,0.07,3.85
2023-11-09,211.0,4976.35,0.0,17.22,73.66,0.32,3.77
2023-11-10,210.65,4948.19,0.0,17.03,72.21,-0.16,3.22
2023-11-13,208.93,4922.98,0.0,16.07,65.35,-0.82,2.05
2023-11-14,210.46,4898.94,0.0,16.92,68.25,0.74,2.43
2023-11-15,210.99,4911.75,0.0,17.22,69.2,0.25,2.37
2023-11-16,212.71,4919.41,0.0,18.17,72.12,0.81,2.85
2023-11-17,212.85,4830.97,0.0,18.25,72.35,0.07,2.67
2023-11-20,216.79,4864.75,0.0,20.44,77.9,1.86,4.19
2023-11-21,218.54,4843.23,0.0,21.41,79.83,0.8,4.55
2023-11-22,217.66,4854.61,0.0,20.92,76.23,-0.4,3.67
2023-11-23,220.79,4873.02,0.0,22.66,79.75,1.44,4.71
2023-11-24,220.26,4917.86,0.0,22.36,77.62,-0.24,4.09
2023-11-27,218.86,4901.82,0.0,21.59,72.27,-0.63,3.09
2023-11-28,219.75,4870.08,0.0,22.08,73.51,0.4,3.18
2023-11-29,220.38,4867.22,0.0,22.43,74.41,0.29,3.13
2023-11-30,219.02,4868.81,0.0,21.68,69.04,-0.62,2.17
2023-12-01,217.44,4860.75,0.0,20.8,63.32,-0.72,1.22
2023-12-04,219.21,4873.87,0.0,21.78,66.65,0.81,1.8
2023-12-05,218.5,4934.22,0.0,21.39,64.13,-0.32,1.27
2023-12-06,216.76,4959.93,0.0,20.42,58.33,-0.79,0.32
2023-12-07,216.2,4963.41,0.0,20.11,56.54,-0.26,-0.06
2023-12-08,213.94,4983.98,0.0,18.86,49.95,-1.04,-1.18
2023-12-11,215.05,4915.39,0.0,19.47,52.86,0.52,-0.81
2023-12-12,216.61,4945.12,0.0,20.34,56.68,0.73,-0.23
2023-12-13,218.0,4988.59,0.0,21.11,59.8,0.64,0.25
2023-12-14,218.97,5027.55,0.0,21.65,61.86,0.44,0.55
2023-12-15,217.99,4967.47,0.0,21.11,58.6,-0.44,-0.02
2023-12-18,218.21,4956.83,0.0,21.23,59.11,0.1,0.05
2023-12-19,217.03,4971.6,0.0,20.57,55.08,-0.54,-0.46
2023-12-20,215.12,5014.45,0.0,19.51,49.26,-0.88,-1.28
2023-12-21,217.11,5010.15,0.0,20.62,54.64,0.92,-0.28
2023-12-22,217.94,4945.29,0.0,21.08,56.71,0.38,0.15
2023-12-25,217.79,4935.41,0.0,21.0,56.23,-0.07,0.11
2023-12-26,219.37,4985.69,0.0,21.87,60.21,0.73,0.85
2023-12-27,218.67,5041.9,0.0,21.48,57.7,-0.32,0.56
2023-12-28,218.45,5035.83,0.0,21.36,56.91,-0.1,0.48
2023-12-29,219.56,5084.3,0.0,21.98,59.91,0.51,0.93
2024-01-01,216.61,5106.23,0.0,20.34,49.92,-1.34,-0.36
2024-01-02,220.59,5114.19,0.0,22.55,59.7,1.84,1.42
2024-01-03,219.29,5100.01,0.0,21.83,55.85,-0.59,0.76
2024-01-04,221.77,5126.66,0.0,23.2,61.0,1.13,1.77
2024-01-05,219.81,5118.82,0.0,22.11,55.49,-0.88,0.74
2024-01-08,220.46,5115.11,0.0,22.48,56.88,0.3,0.91
2024-01-09,220.58,5113.29,0.0,22.54,57.15,0.06,0.87
2024-01-10,219.3,5064.67,0.0,21.83,53.36,-0.58,0.26
2024-01-11,220.18,5065.21,0.0,22.32,55.55,0.4,0.63
2024-01-12,221.72,5114.25,0.0,23.18,59.15,0.7,1.25
2024-01-15,221.26,5078.71,0.0,22.92,57.66,-0.21,0.97
2024-01-16,222.52,5116.36,0.0,23.62,60.6,0.57,1.42
2024-01-17,223.64,5115.85,0.0,24.24,63.06,0.5,1.73
2024-01-18,222.86,5144.86,0.0,23.81,60.23,-0.35,1.24
2024-01-19,221.23,5168.78,0.0,22.91,54.74,-0.73,0.43
2024-01-22,223.44,5212.49,0.0,24.13,60.07,1.0,1.3
2024-01-23,221.69,5211.23,0.0,23.16,54.59,-0.78,0.46
2024-01-24,221.44,5206.47,0.0,23.02,53.83,-0.11,0.28
2024-01-25,218.24,5140.82,0.0,21.24,45.17,-1.45,-1.16
2024-01-26,217.1,5075.31,0.0,20.61,42.56,-0.52,-1.62
2024-01-29,216.94,5124.09,0.0,20.52,42.19,-0.07,-1.7
2024-01-30,211.75,5112.66,0.0,17.64,32.36,-2.39,-3.86
2024-01-31,213.63,5148.8,0.0,18.68,37.98,0.89,-2.89
2024-02-01,212.66,5126.08,0.0,18.15,36.32,-0.45,-3.12
2024-02-02,210.98,5098.93,0.0,17.21,33.54,-0.79,-3.7
2024-02-05,211.73,5104.5,0.0,17.63,35.9,0.36,-3.16
2024-02-06,214.54,5152.83,0.0,19.19,43.9,1.33,-1.74
2024-02-07,216.7,5158.17,0.0,20.39,49.15,1.01,-0.69
2024-02-08,214.8,5146.32,0.0,19.33,45.14,-0.88,-1.44
2024-02-09,199.77,4930.26,0.0,10.98,26.64,-7.0,-7.88
2024-02-12,200.47,4909.38,0.0,11.37,28.12,0.35,-7.11
2024-02-13,200.75,4917.8,0.0,11.53,28.74,0.14,-6.5
2024-02-14,199.71,4965.54,0.0,10.95,27.79,-0.52,-6.47
2024-02-15,201.05,4974.5,0.0,11.69,30.97,0.67,-5.36
2024-02-16,200.15,5020.36,0.0,11.19,30.01,-0.45,-5.31
2024-02-19,201.19,4981.53,0.0,11.77,32.59,0.52,-4.32
2024-02-20,199.18,4938.68,0.0,10.66,30.26,-1.0,-4.76
2024-02-21,198.12,4991.63,0.0,10.06,29.07,-0.53,-4.74
2024-02-22,198.33,4936.43,0.0,10.18,29.68,0.11,-4.18
2024-02-23,198.47,4914.59,0.0,10.26,30.1,0.07,-3.68
2024-02-26,199.46,4966.1,0.0,10.81,33.08,0.5,-2.79
2024-02-27,200.95,4952.26,0.0,11.64,37.46,0.75,-1.8
2024-02-28,201.24,4965.44,0.0,11.8,38.29,0.14,-1.36
2024-02-29,199.43,4927.2,0.0,10.8,35.11,-0.9,-1.93
2024-03-01,198.14,4959.64,0.0,10.08,33.01,-0.65,-2.25
2024-03-04,198.52,4915.38,0.0,10.29,34.26,0.19,-1.75
2024-03-05,200.49,4927.11,0.0,11.38,40.45,0.99,-0.43
2024-03-06,200.99,4966.91,0.0,11.66,41.94,0.25,0.21
2024-03-07,201.64,4998.64,0.0,12.02,43.92,0.32,0.87
2024-03-08,202.61,4949.88,0.0,12.56,46.83,0.48,1.28
2024-03-11,202.63,4957.69,0.0,12.57,46.9,0.01,1.24
2024-03-12,201.94,4963.04,0.0,12.19,44.99,-0.34,0.86
2024-03-13,202.09,4929.95,0.0,12.27,45.5,0.07,0.88
2024-03-14,204.49,4985.38,0.0,13.61,53.16,1.19,1.99
2024-03-15,207.13,4972.56,0.0,15.07,59.86,1.29,3.13
2024-03-18,207.21,4943.09,0.0,15.12,60.04,0.04,3.01
2024-03-19,207.44,4948.03,0.0,15.24,60.59,0.11,2.91
2024-03-20,206.95,4914.12,0.0,14.97,58.7,-0.23,2.45
2024-03-21,206.83,4921.42,0.0,14.9,58.2,-0.06,2.17
2024-03-22,206.42,4903.81,0.0,14.68,56.52,-0.19,1.77
2024-03-25,205.47,4970.35,0.0,14.15,52.64,-0.46,1.15
2024-03-26,206.3,4999.67,0.0,14.61,55.52,0.41,1.43
2024-03-27,205.91,5010.86,0.0,14.39,53.84,-0.19,1.12
2024-03-28,206.23,5021.84,0.0,14.57,55.05,0.16,1.11
2024-03-29,205.49,5025.33,0.0,14.16,51.73,-0.36,0.56
2024-04-01,205.48,5046.91,0.0,14.15,51.69,-0.0,0.39
2024-04-02,205.59,5076.04,0.0,14.22,52.2,0.06,0.32
2024-04-03,204.83,5062.22,0.0,13.79,48.51,-0.37,-0.15
2024-04-04,206.46,5094.34,0.0,14.7,55.72,0.8,0.53
2024-04-05,207.27,5106.54,0.0,15.15,58.78,0.39,0.81
2024-04-08,208.6,5151.76,0.0,15.89,63.32,0.64,1.31
2024-04-09,210.31,5113.51,0.0,16.84,68.15,0.82,1.93
2024-04-10,209.5,5174.81,0.0,16.39,63.87,-0.38,1.36
2024-04-11,208.89,5144.45,0.0,16.05,60.76,-0.29,0.96
2024-04-12,209.34,5113.17,0.0,16.3,62.2,0.21,1.12
2024-04-15,211.16,5050.85,0.0,17.31,67.48,0.87,1.9
2024-04-16,209.08,5069.83,0.0,16.15,57.58,-0.99,0.85
2024-04-17,208.27,5080.39,0.0,15.7,54.25,-0.39,0.43
2024-04-18,210.12,5051.37,0.0,16.74,59.97,0.89,1.25
2024-04-19,208.47,5088.28,0.0,15.82,53.56,-0.79,0.4
2024-04-22,209.68,5028.38,0.0,16.49,57.16,0.58,0.88
2024-04-23,211.93,5040.72,0.0,17.74,62.93,1.07,1.82
2024-04-24,211.3,5050.93,0.0,17.39,60.49,-0.3,1.39
2024-04-25,210.98,5046.09,0.0,17.21,59.23,-0.15,1.12
2024-04-26,212.6,4999.0,0.0,18.11,63.4,0.77,1.73
2024-04-29,211.21,4958.62,0.0,17.34,57.89,-0.66,0.92
2024-04-30,210.17,4983.1,0.0,16.76,54.14,-0.49,0.31
2024-05-01,206.21,4962.93,0.0,14.56,42.74,-1.88,-1.61
2024-05-02,204.95,5017.33,0.0,13.86,39.86,-0.61,-2.17
2024-05-03,205.69,4989.21,0.0,14.27,42.33,0.36,-1.78
2024-05-06,204.9,4988.13,0.0,13.84,40.43,-0.38,-2.07
2024-05-07,208.62,5028.21,0.0,15.9,51.45,1.81,-0.26
2024-05-08,206.76,5037.26,0.0,14.87,46.8,-0.89,-1.08
2024-05-09,204.25,5022.38,0.0,13.47,41.33,-1.22,-2.17
2024-05-10,205.21,5024.46,0.0,14.01,44.03,0.47,-1.61
2024-05-13,206.68,4979.06,0.0,14.82,47.97,0.72,-0.8
2024-05-14,204.63,4986.12,0.0,13.68,43.38,-0.99,-1.68
2024-05-15,206.4,4930.65,0.0,14.66,47.98,0.86,-0.79
2024-05-16,206.75,4935.52,0.0,14.86,48.87,0.17,-0.54
2024-05-17,208.32,4972.2,0.0,15.74,52.78,0.76,0.22
2024-05-20,207.73,4967.69,0.0,15.4,51.19,-0.29,-0.02
2024-05-21,207.22,5010.81,0.0,15.12,49.82,-0.24,-0.15
2024-05-22,206.26,5088.59,0.0,14.59,47.22,-0.46,-0.49
2024-05-23,208.14,5090.82,0.0,15.63,52.43,0.91,0.49
2024-05-24,213.39,5101.19,0.0,18.55,63.33,2.52,3.0
2024-05-27,214.77,5126.28,0.0,19.31,65.55,0.64,3.58
2024-05-28,214.61,5128.54,0.0,19.23,65.08,-0.07,3.39
2024-05-29,215.7,5106.12,0.0,19.83,66.9,0.5,3.68
2024-05-30,216.92,5093.75,0.0,20.51,68.88,0.57,3.97
2024-05-31,216.12,5116.84,0.0,20.07,66.09,-0.37,3.32
2024-06-03,214.91,5150.2,0.0,19.39,62.02,-0.56,2.5
2024-06-04,214.2,5159.11,0.0,19.0,59.7,-0.33,2.03
2024-06-05,217.5,5135.81,0.0,20.84,66.07,1.54,3.33
2024-06-06,220.49,5140.57,0.0,22.49,70.59,1.37,4.35
2024-06-07,221.17,5148.67,0.0,22.87,71.52,0.31,4.28
2024-06-10,219.68,5157.18,0.0,22.04,66.54,-0.67,3.26
2024-06-11,222.24,5186.75,0.0,23.47,70.37,1.17,4.03
2024-06-12,219.63,5208.33,0.0,22.01,62.52,-1.18,2.49
2024-06-13,219.03,5223.4,0.0,21.68,60.87,-0.27,1.92
2024-06-14,217.61,5217.29,0.0,20.9,56.98,-0.65,1.04
2024-06-17,218.94,5264.76,0.0,21.63,59.57,0.61,1.39
2024-06-18,220.06,5250.12,0.0,22.26,61.69,0.52,1.61
2024-06-19,218.59,5278.24,0.0,21.44,57.44,-0.67,0.65
2024-06-20,221.22,5277.97,0.0,22.9,62.42,1.21,1.55
2024-06-21,223.16,5308.94,0.0,23.98,65.6,0.87,2.21
2024-06-24,225.38,5357.57,0.0,25.21,68.85,0.99,2.98
2024-06-25,228.9,5357.25,0.0,27.17,73.18,1.56,4.25
2024-06-26,232.7,5397.04,0.0,29.28,76.92,1.66,5.57
2024-06-27,230.1,5412.65,0.0,27.84,69.77,-1.12,4.08
2024-06-28,232.82,5441.63,0.0,29.34,72.63,1.18,4.91
2024-07-01,233.0,5458.1,0.0,29.45,72.82,0.08,4.57
2024-07-02,233.8,5425.33,0.0,29.89,73.66,0.34,4.47
2024-07-03,231.23,5442.04,0.0,28.46,66.5,-1.1,3.0
2024-07-04,234.86,5432.64,0.0,30.48,70.82,1.57,4.29
2024-07-05,239.43,5455.84,0.0,33.02,75.16,1.95,5.89
2024-07-08,239.5,5417.23,0.0,33.06,75.23,0.03,5.46
2024-07-09,238.78,5426.62,0.0,32.66,73.24,-0.3,4.76
2024-07-10,242.68,5428.66,0.0,34.82,76.81,1.63,5.93
2024-07-11,242.94,5448.55,0.0,34.96,77.03,0.1,5.49
2024-07-12,244.31,5431.83,0.0,35.73,78.2,0.56,5.48
2024-07-15,244.0,5505.07,0.0,35.55,77.25,-0.13,4.78
2024-07-16,226.38,5266.55,0.0,25.77,44.06,-7.22,-2.92
2024-07-17,225.92,5261.72,0.0,25.51,43.54,-0.2,-3.27
2024-07-18,226.82,5242.91,0.0,26.01,44.93,0.4,-3.0
2024-07-19,223.99,5254.26,0.0,24.44,41.49,-1.25,-4.23
2024-07-22,223.98,5271.72,0.0,24.44,41.47,-0.01,-4.2
2024-07-23,225.34,5269.54,0.0,25.19,43.86,0.6,-3.55
2024-07-24,228.83,5272.9,0.0,27.13,49.58,1.55,-1.97
2024-07-25,226.82,5296.24,0.0,26.01,46.63,-0.88,-2.77
2024-07-26,227.06,5270.93,0.0,26.14,47.04,0.11,-2.54
2024-07-29,227.5,5259.88,0.0,26.39,47.82,0.19,-2.24
2024-07-30,226.67,5282.5,0.0,25.93,46.43,-0.36,-2.45
2024-07-31,227.11,5246.52,0.0,26.17,47.31,0.2,-2.17
2024-08-01,226.95,5215.56,0.0,26.09,47.01,-0.07,-2.07
2024-08-02,227.55,5217.44,0.0,26.42,48.34,0.26,-1.56
2024-08-05,225.36,5238.97,0.0,25.2,44.01,-0.96,-2.21
2024-08-06,225.55,5235.78,0.0,25.31,44.48,0.09,-1.84
2024-08-07,223.03,5177.73,0.0,23.9,39.76,-1.12,-2.53
2024-08-08,226.5,5151.06,0.0,25.83,47.93,1.56,-0.65
2024-08-09,226.82,5171.53,0.0,26.01,48.62,0.14,-0.13
2024-08-12,224.8,5213.13,0.0,24.89,44.6,-0.89,-0.6
2024-08-13,224.97,5174.5,0.0,24.99,45.01,0.08,-0.49
2024-08-14,223.94,5223.34,0.0,24.41,42.92,-0.46,-0.9
2024-08-15,221.78,5214.25,0.0,23.21,38.86,-0.96,-1.75
2024-08-16,222.99,5221.02,0.0,23.88,42.14,0.54,-1.19
2024-08-19,222.2,5234.5,0.0,23.45,40.61,-0.35,-1.5
2024-08-20,222.74,5247.02,0.0,23.74,42.16,0.24,-1.21
2024-08-21,225.55,5234.19,0.0,25.31,49.6,1.26,0.11
2024-08-22,228.41,5225.22,0.0,26.89,55.81,1.27,1.35
2024-08-23,231.44,5275.96,0.0,28.58,61.27,1.33,2.59
2024-08-26,229.66,5221.39,0.0,27.59,56.82,-0.77,1.75
2024-08-27,233.9,5212.46,0.0,29.94,63.58,1.85,3.46
2024-08-28,234.27,5255.5,0.0,30.15,64.12,0.16,3.47
2024-08-29,231.97,5202.91,0.0,28.87,58.43,-0.98,2.34
2024-08-30,228.79,5240.41,0.0,27.1,51.63,-1.37,0.91
2024-09-02,228.71,5263.93,0.0,27.06,51.48,-0.03,0.8
2024-09-03,229.43,5236.99,0.0,27.46,52.91,0.31,1.03
2024-09-04,234.1,5273.47,0.0,30.06,60.98,2.04,2.83
2024-09-05,232.5,5293.49,0.0,29.16,57.34,-0.69,1.99
2024-09-06,232.02,5285.64,0.0,28.9,56.26,-0.21,1.67
2024-09-09,234.4,5336.83,0.0,30.22,60.26,1.03,2.5
2024-09-10,232.25,5283.49,0.0,29.03,55.34,-0.92,1.4
2024-09-11,233.24,5297.15,0.0,29.58,57.09,0.43,1.62
2024-09-12,233.66,5339.71,0.0,29.81,57.82,0.18,1.54
2024-09-13,235.66,5384.81,0.0,30.92,61.3,0.86,2.13
2024-09-16,235.33,5367.31,0.0,30.74,60.41,-0.14,1.7
2024-09-17,237.78,5347.77,0.0,32.1,64.5,1.04,2.43
2024-09-18,240.27,5338.89,0.0,33.48,68.09,1.04,3.17
2024-09-19,242.57,5295.21,0.0,34.76,71.02,0.96,3.84
2024-09-20,242.85,5300.24,0.0,34.92,71.37,0.12,3.71
2024-09-23,244.21,5270.55,0.0,35.67,73.04,0.56,3.97
2024-09-24,246.34,5263.62,0.0,36.86,75.46,0.87,4.6
2024-09-25,244.52,5297.16,0.0,35.85,69.71,-0.74,3.6
2024-09-26,247.0,5325.5,0.0,37.22,72.76,1.01,4.32
2024-09-27,249.36,5349.56,0.0,38.53,75.31,0.96,4.86
2024-09-30,249.07,5338.25,0.0,38.37,74.37,-0.12,4.29
2024-10-01,248.55,5358.81,0.0,38.08,72.65,-0.21,3.65
2024-10-02,251.23,5335.28,0.0,39.57,75.76,1.08,4.4
2024-10-03,254.13,5365.61,0.0,41.18,78.59,1.16,5.13
2024-10-04,255.44,5388.73,0.0,41.91,79.74,0.51,5.16
2024-10-07,253.92,5372.51,0.0,41.07,74.73,-0.59,4.12
2024-10-08,252.69,5370.88,0.0,40.38,70.85,-0.48,3.19
2024-10-09,254.26,5344.27,0.0,41.26,72.79,0.62,3.38
2024-10-10,255.39,5352.73,0.0,41.88,74.13,0.44,3.39
2024-10-11,256.84,5363.07,0.0,42.69,75.77,0.57,3.53
2024-10-14,256.17,5335.87,0.0,42.32,73.46,-0.26,2.83
2024-10-15,257.45,5327.85,0.0,43.03,75.03,0.5,2.93
2024-10-16,258.42,5329.36,0.0,43.56,76.18,0.38,2.95
2024-10-17,257.56,5303.43,0.0,43.09,72.96,-0.33,2.3
2024-10-18,261.09,5324.13,0.0,45.05,77.22,1.37,3.33
2024-10-21,261.87,5339.51,0.0,45.49,78.05,0.3,3.28
2024-10-22,262.97,5308.97,0.0,46.1,79.19,0.42,3.37
2024-10-23,260.18,5280.76,0.0,44.55,69.34,-1.06,1.96
2024-10-24,256.92,5287.55,0.0,42.73,59.95,-1.25,0.49
2024-10-25,258.11,5259.66,0.0,43.39,61.98,0.46,0.78
2024-10-28,261.67,5259.68,0.0,45.37,67.29,1.38,1.92
2024-10-29,264.85,5258.7,0.0,47.14,71.17,1.22,2.83
2024-10-30,267.27,5213.23,0.0,48.48,73.73,0.91,3.45
2024-10-31,266.14,5202.21,0.0,47.85,70.58,-0.42,2.77
2024-11-01,268.01,5234.56,0.0,48.89,72.66,0.7,3.24
2024-11-04,266.32,5228.36,0.0,47.95,67.98,-0.63,2.35
2024-11-05,267.74,5237.89,0.0,48.74,69.75,0.54,2.6
2024-11-06,265.4,5205.81,0.0,47.44,63.54,-0.88,1.48
2024-11-07,248.72,5009.58,0.0,38.18,37.77,-6.28,-4.77
2024-11-08,231.19,4797.63,0.0,28.44,25.88,-7.05,-11.05
2024-11-11,229.37,4750.53,0.0,27.43,25.0,-0.79,-11.29
2024-11-12,230.89,4706.71,0.0,28.27,27.23,0.67,-10.24
2024-11-13,232.03,4753.22,0.0,28.9,28.93,0.49,-9.33
2024-11-14,228.72,4796.02,0.0,27.07,26.95,-1.43,-10.12
2024-11-15,230.25,4805.73,0.0,27.92,29.36,0.67,-8.97
2024-11-18,233.13,4797.65,0.0,29.52,33.76,1.25,-7.3
2024-11-19,233.44,4805.23,0.0,29.69,34.24,0.14,-6.63
2024-11-20,235.56,4835.86,0.0,30.87,37.54,0.91,-5.32
2024-11-21,233.92,4881.04,0.0,29.96,36.04,-0.7,-5.54
2024-11-22,234.96,4938.9,0.0,30.53,37.74,0.44,-4.67
2024-11-25,235.18,4964.69,0.0,30.66,38.11,0.09,-4.07
2024-11-26,233.64,4893.29,0.0,29.8,36.46,-0.65,-4.08
2024-11-27,235.31,4940.31,0.0,30.73,39.52,0.71,-2.76
2024-11-28,234.79,4925.19,0.0,30.44,38.89,-0.22,-2.35
2024-11-29,233.49,4979.71,0.0,29.72,37.29,-0.55,-2.18
2024-12-02,236.87,4999.16,0.0,31.59,43.78,1.45,-0.15
2024-12-03,238.79,5054.72,0.0,32.66,47.13,0.81,1.27
2024-12-04,242.24,5105.95,0.0,34.58,52.6,1.45,3.25
2024-12-05,241.24,5095.5,0.0,34.02,50.96,-0.41,2.98
2024-12-06,240.91,5075.05,0.0,33.84,50.4,-0.14,2.63
2024-12-09,240.94,5093.63,0.0,33.86,50.46,0.01,2.39
2024-12-10,242.66,5076.06,0.0,34.81,53.53,0.71,2.86
2024-12-11,240.9,5088.32,0.0,33.83,50.09,-0.73,1.93
2024-12-12,244.04,5152.81,0.0,35.58,55.58,1.3,2.92
2024-12-13,243.68,5169.99,0.0,35.38,54.82,-0.15,2.48
2024-12-16,240.53,5109.08,0.0,33.63,48.69,-1.29,1.0
2024-12-17,243.02,5150.58,0.0,35.01,53.16,1.04,1.84
2024-12-18,245.94,5204.84,0.0,36.64,57.8,1.2,2.84
2024-12-19,247.24,5237.36,0.0,37.36,59.71,0.53,3.1
2024-12-20,244.91,5207.15,0.0,36.06,54.91,-0.94,1.91
2024-12-23,244.44,5199.66,0.0,35.8,53.96,-0.19,1.52
2024-12-24,245.39,5194.09,0.0,36.33,55.61,0.39,1.67
2024-12-25,239.37,5207.13,0.0,32.98,44.64,-2.45,-0.91
2024-12-26,240.61,5189.71,0.0,33.67,46.96,0.52,-0.52
2024-12-27,240.91,5170.41,0.0,33.84,47.55,0.13,-0.54
2024-12-30,237.78,5142.58,0.0,32.1,42.39,-1.3,-1.86
